"Iata_Code","Icao_Code","Call_Sign","Name","Country_Code"
"1T","RNX","NEXTIME","1Time Airline","ZAF"
"Q5","MLA","MILE-AIR","40-Mile Air","USA"
"1B","BGH","","Abacus International","SGP"
"W9","AAB","ABG","Abelag Aviation","BEL"
"E4","RSO","AERO ASIA","Aero Asia International","PAK"
"ZI","AAF","AIGLE AZUR","Aigle Azur","FRA"
"OZ","AAR","ASIANA","Asiana Airlines","KOR"
"4K","AAS","AL-AAS","Askari Aviation","PAK"
"8U","AAW","AFRIQIYAH","Afriqiyah Airways","LBY"
"Q9","AFU","","Afrinat International Airlines","GMB"
"KI","AAG","ATLANTIC","Air Atlantique","GBR"
"LD","AHK","AIR HONG KONG","Air Hong Kong","HKG"
"UX","AEA","EUROPA","Air Europa","ESP"
"I9","AEY","AIR ITALY","Air Italy","ITA"
"NX","AMU","AIR MACAO","Air Macau","MAC"
"ZV","AMW","AIR MIDWEST","Air Midwest","USA"
"HM","SEY","SEYCHELLES","Air Seychelles","SYC"
"JA","BON","AIR BOSNA","Air Bosna","BIH"
"AF","AFR","AIRFRANS","Air France","FRA"
"SB","ACI","AIRCALIN","Air Caledonie International","FRA"
"EH","AKX","ALFA WING","Air Nippon Network Co. Ltd.","JPN"
"ZW","AWI","AIR WISCONSIN","Air Wisconsin","USA"
"YI","RSI","AIR SUNSHINE","Air Sunshine","USA"
"GN","AGN","GOLF NOVEMBER","Air Gabon","GAB"
"NQ","AJX","AIR JAPAN","Air Japan","JPN"
"VD","KPA","KUN PENG","Air LibertÃ©","FRA"
"TT","KLA","KAUNAS","Air Lithuania","LTU"
"6M","AMG","AIR MINAS","Air Minas Linhas AÃ©reas","BRA"
"4N","ANT","AIR NORTH","Air North Charter","CAN"
"NZ","ANZ","NEW ZEALAND","Air New Zealand","NZL"
"QM","AML","MALAWI","Air Malawi","MWI"
"DR","BIE","MEDITERRANEE","Air Mediterranee","FRA"
"OC","ABL","AIRCOACH","Air BC","CAN"
"G8","AGB","","Air Service Gabon","GAB"
"7T","AGV","AIR GLACIERS","Air Glaciers","CHE"
"6V","VGA","AIR VEGAS","Air Vegas","USA"
"NH","ANA","ALL NIPPON","All Nippon Airways","JPN"
"TZ","TWG","TWINGOOSE","air-taxi europe","DEU"
"2Q","SNC","NIGHT CARGO","Air Cargo Carriers","USA"
"V7","SNG","AIR SENEGAL","Air Senegal International","SEN"
"AB","BER","AIR BERLIN","Air Berlin","DEU"
"4D","ASD","AIR SINAI","Air Sinai","EGY"
"QN","ARR","AIR ARMENIA","Air Armenia","ARM"
"AG","ABR","CONTRACT","Air Contractors","IRL"
"AI","AIC","AIRINDIA","Air India","IND"
"PJ","SPM","","Air Saint Pierre","FRA"
"SZ","WOW","SWALLOW","Air Southwest","GBR"
"8C","ATN","AIR TRANSPORT","Air Transport International","USA"
"NF","AVN","AIR VAN","Air Vanuatu","VUT"
"ZB","BUB","BOURBON","Air Bourbon","REU"
"CC","ABD","ATLANTA","Air Atlanta Icelandic","ISL"
"3H","AIE","AIR INUIT","Air Inuit","CAN"
"XG","AIS","SURESTE","Air Sureste","ESP"
"RB","SBK","Air Srpska","Air Srpska","BIH"
"TN","THT","TAHITI AIRLINES","Air Tahiti Nui","FRA"
"SW","NMB","NAMIBIA","Air Namibia","NAM"
"PE","AEL","AIR EUROPE","Air Europe","ITA"
"JM","AJM","JAMAICA","Air Jamaica","JAM"
"6G","AWW","RED DRAGON","Air Wales","GBR"
"TX","FWI","FRENCH WEST","Air CaraÃ¯bes","FRA"
"IX","AXB","EXPRESS INDIA","Air India Express","IND"
"BT","BTI","AIRBALTIC","Air Baltic","LVA"
"EL","ANK","ANK AIR","Air Nippon","JPN"
"YW","ANE","AIR NOSTRUM","Air Nostrum","ESP"
"PX","ANG","NUIGINI","Air Niugini","PNG"
"G9","ABY","ARABIA","Air Arabia","ARE"
"AC","ACA","AIR CANADA","Air Canada","CAN"
"AP","ADH","HERON","Air One","ITA"
"XT","AXL","EXEL COMMUTER","Air Exel","NLD"
"UM","AZW","AIR ZIMBABWE","Air Zimbabwe","ZWE"
"S2","RSH","SAHARA","Air Sahara","IND"
"TC","ATC","TANZANIA","Air Tanzania","TZA"
"2J","VBW","BURKINA","Air Burkina","BFA"
"KM","AMC","AIR MALTA","Air Malta","MLT"
"YT","TGA","AIR TOGO","Air Togo","TGO"
"6O","ASJ","SATELLITE","Air Satellite","CAN"
"G4","AAY","ALLEGIANT","Allegiant Air","USA"
"K5","ABE","ABAN","Aban Air","IRN"
"M3","TUS","ABSA Cargo","ABSA - Aerolinhas Brasileiras","BRA"
"O4","ABV","ANTRAK","Antrak Air","GHA"
"GB","ABX","ABEX","Airborne Express","USA"
"GB","ABX","ABEX","ABX Air","USA"
"8V","ACP","ASTRAL CARGO","Astral Aviation","KEN"
"F5","ACY","ATLAS CARGOLINES","Atlas Cargo Lines","MAR"
"7A","NXA","BLUE-DOLPHIN","Aztec Worldwide Airlines","USA"
"8T","TID","","Air Tindi","CAN"
"ZY","ADE","ADA AIR","Ada Air","ALB"
"Z7","ADK","ADCO","ADC Airlines","NGA"
"JP","ADR","ADRIA","Adria Airways","SVN"
"EM","AEB","AEROBEN","Aero Benin","BEN"
"A3","AEE","AEGEAN","Aegean Airlines","GRC"
"2K","GLG","AEROGAL","Aerogal","ECU"
"KO","AER","ACE AIR","Alaska Central Express","USA"
"VX","AES","ACES","ACES Colombia","COL"
"AQ","AAH","ALOHA","Aloha Airlines","USA"
"AA","AAL","AMERICAN","American Airlines","USA"
"AN","AAA","ANSETT","Ansett Australia","AUS"
"5W","AEU","FLYSTAR","Astraeus","GBR"
"VV","AEW","AEROSVIT","Aerosvit Airlines","UKR"
"WK","AFB","AMERICAN FALCON","American Falcon","ARG"
"QQ","UTY","UNITY","Alliance Airlines","AUS"
"FG","AFG","ARIANA","Ariana Afghan Airlines","AFG"
"3A","AFJ","JAMBO","Alliance","UGA"
"SU","AFL","AEROFLOT","Aeroflot Russian Airlines","RUS"
"VC","AGC","AGRICO","Arab Agricultural Aviation Company","EGY"
"5D","SLI","COSTERA","Aerolitoral","MEX"
"1A","AGT","AMADEUS","Amadeus Global Travel Distribution","ESP"
"IK","AGU","SARMA","Angara Airlines","RUS"
"JJ","AGX","GENEX","Aviogenex","SRB"
"PL","PLI","Aeroperu","AeroperÃº","PER"
"8A","BMM","ATLAS BLUE","Atlas Blue","MAR"
"GD","AHA","AIR ALPHA","Air Alpha Greenland","DNK"
"HT","AHW","AEROMIST","Aeromist-Kharkiv","UKR"
"J2","AHY","AZAL","Azerbaijan Airlines","AZE"
"U3","AIA","AVIES","Avies","EST"
"AP","AIB","AIRBUS INDUSTRIE","Airbus Industrie","FRA"
"4O","AIJ","ABC AEROLINEAS","ABC Aerolineas","MEX"
"5A","AIP","ALPINE AIR","Alpine Air Express","USA"
"ED","ABQ","PAKBLUE","Airblue","PAK"
"W4","BES","BIRD EXPRESS","Aero Services Executive","FRA"
"UZ","AIW","TARTAN","Atlantic Island Airways","CAN"
"IZ","AIZ","ARKIA","Arkia Israel Airlines","ISR"
"M6","AJT","AMERIJET","Amerijet International","USA"
"6L","AKK","AKLAK","Aklak Air","CAN"
"4A","AKL","","Air Kiribati","KIR"
"HP","AWE","CACTUS","America West Airlines","USA"
"VH","ALV","ALVEN","Alas de Venezuela","VEN"
"TZ","AMT","AMTRAN","ATA Airlines","USA"
"AM","AMX","AEROMEXICO","AeromÃ©xico","MEX"
"2T","ANH","ALAJNIHAH","Alajnihah for Air Transport","LBY"
"TL","ANO","TOPEND","Airnorth","AUS"
"OY","ANS","AEROANDES","Andes Lineas Aereas","ARG"
"IW","AOM","French Lines","AOM French Airlines","FRA"
"5T","ANW","AVINOR","Aviacion Del Noroeste, S.A. de C.V.","MEX"
"JN","SAP","TOBOL","Avia Jaynar","KAZ"
"PJ","AOA","ALCON","Alcon Servicios Aereos, S.A. de C.V.","MEX"
"J6","AOC","AERO AVCOM","AVCOM","RUS"
"2D","AOG","AVIP","Aero VIP","ARG"
"OE","AOT","ASIA OVERNIGHT","Asia Overnight Express","PHL"
"GV","ARF","Aero Fox","Aero Flight","DEU"
"WL","APP","AEROPERLAS","Aerolineas Pacifico Atlantico, S.A. (Apair)","PAN"
"JW","APW","BIG A","Arrow Air","USA"
"W3","ARA","ARIK AIR","Arik Air","NGA"
"2B","ARD","AEROCONDOR","Aerocondor","PRT"
"4C","ARE","AIRES","Aires, Aerovias de Integracion Regional, S.A.","COL"
"AR","ARG","ARGENTINA","Aerolineas Argentinas","ARG"
"AS","ASA","ALASKA","Alaska Airlines, Inc.","USA"
"PL","ASE","MOROZOV","Airstars","RUS"
"OB","ASZ","AIR ASTRAKHAN","Astrakhan Airlines","RUS"
"HC","ATI","","Aero-Tropics Air Services","AUS"
"FO","ATM","AIRTAS","Airlines of Tasmania","AUS"
"ZF","ATW","AERO TRADES","Aero Trades (Western) Ltd.","CAN"
"OS","AUA","AUSTRIAN","Austrian Airlines","AUT"
"IQ","AUB","AUGSBURG-AIR","Augsburg Airways","DEU"
"RU","ABW","AIRBRIDGE CARGO","AirBridge Cargo","RUS"
"MO","AUH","SULTAN","Abu Dhabi Amiri Flight","ARE"
"5N","AUL","DVINA","Aeroflot-Nord","RUS"
"GR","AUR","AYLINE","Aurigny Air Services","GBR"
"NO","AUS","","Aus-Air","AUS"
"AU","AUT","AUSTRAL","Austral Lineas Aereas","ARG"
"AO","AUZ","AUSTRALIAN","Australian Airlines","AUS"
"AV","AVA","AVIANCA","Avianca - Aerovias Nacionales de Colombia, S.A.","COL"
"Z7","AVJ","ATOMIC","Avia Traffic Company","KGZ"
"K8","ZAK","","Airlink Zambia","ZMB"
"B9","BGD","AIR BANGLA","Air Bangladesh","BGD"
"7E","AWU","SYLT-AIR","Aeroline GmbH","DEU"
"HJ","AXF","FREIGHTEXPRESS","Asian Express Airlines","AUS"
"XU","AXK","EXPRESS JET","African Express Airways","KEN"
"AK","AXM","ASIAN EXPRESS","AirAsia","MYS"
"D7","XAX","XANADU","Airasia X","MYS"
"6V","AXY","AXIS","Axis Airways","FRA"
"3G","AYZ","ATLANT-SOYUZ","Atlant-Soyuz Airlines","RUS"
"AZ","AZA","ALITALIA","Alitalia","ITA"
"ZE","AZE","ARCUS AIR","Arcus-Air Logistic","DEU"
"Z8","AZN","","Amaszonas","BOL"
"ZR","AZS","ZITOTRANS","Aviacon Zitotrans Air Company","RUS"
"R7","OCA","AROSCA","Aserca Airlines","VEN"
"7Q","TLR","AIR LIBYA","Air Libya Tibesti","LBY"
"DO","RVL","AIR VALLEE","Airvallee","ITA"
"EB","PLM","PULLMANTUR","Air Pullmantur","ESP"
"RX","AEH","AVEX","Aviaexpress","HUN"
"GU","GUG","AVIATECA","Aviateca","GTM"
"ZU","BBT","AGYDAL","Air Bashkortostan","RUS"
"MQ","EGF","EAGLE FLIGHT","American Eagle Airlines","USA"
"ZS","AZI","AZZURRA","Azzurra Air","ITA"
"VU","VUN","AIRIVOIRE","Air Ivoire","CIV"
"BP","BOT","BOTSWANA","Air Botswana","BWA"
"GS","UPA","FOYLE","Air Foyle","GBR"
"VT","VTA","AIR TAHITI","Air Tahiti","PYF"
"3N","URG","URGA","Air Urga","UKR"
"VL","VIM","","Air VIA","BGR"
"FK","WTA","WEST TOGO","Africa West","TGO"
"G2","VXG","AVIREX-GABON","Avirex","GAB"
"V8","VAS","ATRAN","ATRAN Cargo Airlines","RUS"
"K6","VAV","AIR ANGKOR","Angkor Air","KHM"
"VE","AVE","Avensa","Avensa","VEN"
"V5","VLI","AEROVOLAR","Avolar Aerolineas","MEX"
"CA","CCA","AIR CHINA","Air China","CHN"
"Q6","CDP","CONDOR-PERU","Aero Condor Peru","PER"
"5F","CIR","AIR ARCTIC","Arctic Circle Air Service","USA"
"LK","CNE","CONNECTOR","Air Toronto","CAN"
"QC","CRD","AIR CORRIDOR","Air Corridor","MOZ"
"NV","CRF","AIR CENTRAL","Air Central","JPN"
"YN","CRQ","CREE","Air Creebec","CAN"
"CV","CVA","CHATHAM","Air Chathams","NZL"
"CW","CWM","AIR MARSHALLS","Air Marshall Islands","MHL"
"ZA","CYD","CYCLONE","Access Air","USA"
"AH","DAH","AIR ALGERIE","Air AlgÃ©rie","DZA"
"UC","DAP","DAP","Aerovias DAP","CHL"
"KI","DHI","ADAM SKY","Adam Air","IDN"
"ER","DHL","D-H-L","Astar Air Cargo","USA"
"HO","DJA","ANTINEA","Antinea Airlines","DZA"
"EN","DLA","DOLOMOTI","Air Dolomiti","ITA"
"D9","DNV","DONAVIA","Aeroflot-Don","RUS"
"NM","DRD","ALADA AIR","Air Madrid","ESP"
"EE","EAY","REVAL","Aero Airlines","EST"
"4F","ECE","AIRCITY","Air City","DEU"
"EI","EIN","SHAMROCK","Aer Lingus","IRL"
"E8","ELG","ALPI EAGLES","Alpi Eagles","ITA"
"KY","EQL","EQUATORIAL","Air SÃ£o TomÃ© and PrÃ­ncipe","STP"
"7U","ERG","AVIANERGO","Avianergo","RUS"
"PC","FAJ","FIJIAIR","Air Fiji","FJI"
"OF","FIF","AIR FINLAND","Air Finland","FIN"
"FJ","FJI","PACIFIC","Air Pacific","FJI"
"RC","FLI","FAROELINE","Atlantic Airways","FRO"
"QH","FLZ","AIR FLORIDA","Air Florida","USA"
"E9","FPY","AFRICOMPANY","African Company Airlines","COD"
"6F","FRJ","AFRIJET","Afrijet Airlines","NGA"
"UD","FST","FAST TRACK","Aereos Limited","GBR"
"NY","FXI","FAXI","Air Iceland","ISL"
"2P","GAP","ORIENT PACIFIC","Air Philippines","PHL"
"ZX","GGN","GEORGIAN","Air Georgian","CAN"
"9C","GIL","AFRICAN TRANSPORT","African International Transport","GIN"
"2U","GIP","FUTURE EXPRESS","Air Guinee Express","GIN"
"0A","GNT","GINTA","Amber Air","LTU"
"DC","GOA","ALBERTA","Alberta Government","CAN"
"DA","GRG","AIR GEORGIA","Air Georgia","GEO"
"GL","GRL","GREENLAND","Air Greenland","DNK"
"LL","GRO","ALLEGRO","Allegro","MEX"
"5Y","GTI","GIANT","Atlas Air","USA"
"GG","GUY","GREEN BIRD","Air Guyane","GUF"
"H9","HAD","HAITI AVIA","Air D'Ayiti","HTI"
"GG","HAH","AIR COMORES","Air Comores International","COM"
"HD","HLN","Orange","Air Holland","NLD"
"8C","HZT","HORIZON TOGO","Air Horizon","TGO"
"W9","JAB","AIR BAGAN","Air Bagan","MMR"
"UR","UTX","","Avfinity","USA"
"IP","JOL","EDIL","Atyrau Air Ways","KAZ"
"QK","JZA","JAZZ","Air Canada Jazz","CAN"
"XH","KHH","","Alexandria Airlines","EGY"
"KK","KKK","ATLASJET","Atlasjet","TUR"
"JS","KOR","AIR KORYO","Air Koryo","PRK"
"KC","KZR","ASTANALINE","Air Astana","KAZ"
"LV","LBC","ALBANIAN","Albanian Airlines","ALB"
"D4","LID","ALIDA","Alidaunia","ITA"
"CD","LLR","ALLIED","Alliance Air","IND"
"6T","LMT","ALMATY","Almaty Aviation","KAZ"
"XL","LNE","LAN ECUADOR","Aerolane","ECU"
"A6","LPV","ALPAV","Air Alps Aviation","AUT"
"TD","LUR","","Atlantis European Airways","ARM"
"L8","LXG","LUXOR GOLF","Air Luxor GB","GNB"
"LK","LXR","AIRLUXOR","Air Luxor","PRT"
"MK","MAU","AIRMAURITIUS","Air Mauritius","MUS"
"MD","MDG","AIR MADAGASCAR","Air Madagascar","MDG"
"9U","MLD","AIR MOLDOVA","Air Moldova","MDA"
"M0","MNG","AERO MONGOLIA","Aero Mongolia","MNG"
"A7","MPD","RED COMET","Air Plus Comet","ESP"
"QO","MPX","AEROMEXPRESS","Aeromexpress","MEX"
"MR","MRT","MIKE ROMEO","Air Mauritanie","MRT"
"MC","MSC","Air Cairo","Air Cairo","EGY"
"3S","GUY","","Aeroland Airways","GRC"
"8D","EXV","EXPOAVIA","Astair","RUS"
"F4","NBK","AL-AIR","Albarka Air","NGA"
"AJ","NIG","AEROLINE","Aero Contractors","NGA"
"P4","NSO","SOSA","Aerolineas Sosa","HND"
"7A","NXA","BLUE-DOLPHIN","Air Next","JPN"
"8Y","PBU","AIR-BURUNDI","Air Burundi","BDI"
"OT","PEL","PELICAN","Aeropelican Air Services","AUS"
"2E","PHW","PHOENIX SHARJAH","Ave.com","ARE"
"AD","PRZ","RADISAIR","Air Paradise International","IDN"
"QD","QCL","ACLA","Air Class Lineas Aereas","URY"
"QS","QSC","ZEBRA","African Safari Airways","KEN"
"4Y","RBU","AIRBUS FRANCE","Airbus France","FRA"
"MC","RCH","REACH","Air Mobility Command","USA"
"RE","REA","AER ARANN","Aer Arann","IRL"
"UU","REU","REUNION","Air Austral","FRA"
"6K","RIT","ASIAN SPIRIT","Asian Spirit","PHL"
"A5","RLA","AIRLINAIR","Airlinair","FRA"
"QL","RLN","AERO LANKA","Aero Lanka","LKA"
"R3","RME","ARMENIAN","Armenian Airlines","ARM"
"MV","RML","","Armenian International Airways","ARM"
"2O","RNE","AIR SALONE","Air Salone","SLE"
"U8","RNV","ARMAVIA","Armavia","ARM"
"9V","ROI","AVIOR","Avior Airlines","VEN"
"BQ","ROM","BRAVO QUEBEC","Aeromar","DOM"
"P5","RPB","AEROREPUBLICA","AeroRepÃºblica","COL"
"BF","RSR","CONGOSERV","Aero-Service","COG"
"5L","RSU","AEROSUR","Aerosur","BOL"
"EX","SDO","AERO DOMINGO","Air Santo Domingo","DOM"
"JR","SER","AEROCALIFORNIA","Aero California","MEX"
"Q6","SKP","SKIPPER","Aero-North Aviation Services","CAN"
"Z3","SMJ","AVAVIA","Avient Aviation","ZWE"
"M3","SPJ","AIR SKOPJE","Air Service","MKD"
"GM","SVK","SLOVAKIA","Air Slovakia","SVK"
"R3","SYL","AIR YAKUTIA","Aircompany Yakutia","RUS"
"JY","TCI","KERRMONT","Air Turks and Caicos","TCA"
"OR","TFL","ARKEFLY","Arkefly","NLD"
"CG","TOK","BALUS","Airlines PNG","PNG"
"TY","TPC","AIRCAL","Air CalÃ©donie","FRA"
"FL","TRS","CITRUS","AirTran Airways","USA"
"TS","TSC","TRANSAT","Air Transat","CAN"
"EC","TWN","TWINARROW","Avialeasing Aviation Company","UZB"
"VO","TYR","TYROLEAN","Austrian Arrows","AUT"
"DW","UCR","CHARTER UKRAINE","Aero-Charter Ukraine","UKR"
"6U","UKR","AIR UKRAINE","Air Ukraine","UKR"
"6R","DRU","MIRNY","Alrosa Mirny Air Enterprise","RUS"
"AD","AZU","Azul","Azul Linhas Aereas Brasileiras","BRA"
"8Q*","BAJ","BAKER AVIATION","Baker Aviation","USA"
"BA","BAW","","British Airways","GBR"
"BG","BBC","BANGLADESH","Biman Bangladesh Airlines","BGD"
"BF","BBD","BLUE CARGO","Bluebird Cargo","ISL"
"BZ","BBZ","COBRA","Blue Bird Aviation","KEN"
"B4","BCF","BACH","BACH Flugbetriebsges","AUT"
"AX","BCI","BLUE ISLAND","Blue Islands","GBR"
"BZ","BDA","BLUE DART","Blue Dart Aviation","IND"
"JA","BON","Air Bosna","B&amp;H Airlines","BIH"
"J4","BFL","BUFFALO","Buffalo Airways","CAN"
"3B","BFR","BURKLINES","Burkina Airlines","BFA"
"1B","BGH","BALKAN HOLIDAYS","BH Air","BGR"
"A8","BGL","BENIN GOLF","Benin Golf Air","BEN"
"2B","BGM","BUGAVIA","Bugulma Air Enterprise","RUS"
"BH","BHA","BUDDHA AIR","Buddha Air","NPL"
"4T","BHP","BELAIR","Belair Airlines","CHE"
"UP","BHS","BAHAMAS","Bahamasair","BHS"
"TH","BRT","","BA Connect","GBR"
"BS","BIH","BRINTEL","British International Helicopters","GBR"
"B4","BKA","BANKAIR","Bankair","USA"
"PG","BKP","BANGKOK AIR","Bangkok Airways","THA"
"4Y","BLE","BLUE BERRY","Blue Line","FRA"
"KF","BLF","BLUEFIN","Blue1","FIN"
"JV","BLS","BEARSKIN","Bearskin Lake Air Service","CAN"
"B3","BLV","BELLVIEW AIRLINES","Bellview Airlines","NGA"
"BD","BMA","MIDLAND","BMI","GBR"
"WW","BMI","BABY","Bmibaby","GBR"
"CH","BMJ","BEMIDJI","Bemidji Airlines","USA"
"5Z","BML","BISMILLAH","Bismillah Airlines","BGD"
"BO","BOU","BOURAQ","Bouraq Indonesia Airlines","IDN"
"BV","BPA","BLUE PANOROMA","Blue Panorama Airlines","ITA"
"NM","BPS","BASE","Budapest Aircraft Services","HUN"
"7R","BRB","BRA-TRANSPAEREOS","BRA-Transportes Aereos","BRA"
"8E","BRG","BERING AIR","Bering Air","USA"
"TH","BRT","BRITISH","British Regional Airlines","GBR"
"B2","BRU","BELARUS AVIA","Belavia","BLR"
"K6","BRV","BRAVO","Bravo Air Congo","COD"
"BN","BNF","Braniff","Braniff International Airways","USA"
"T1","BST","TUNCA","Best Air","TUR"
"GQ","BSY","BIG SKY","Big Sky Airlines","USA"
"V9","BTC","BASHKIRIAN","BAL Bashkirian Airlines","RUS"
"7P","BTV","BATAVIA","Batavia Air","IDN"
"J8","BVT","BERJAYA","Berjaya Air","MYS"
"QW","BWG","BLUE WINGS","Blue Wings","DEU"
"BM","BYE","BAYU","Bayu Indonesia Air","IDN"
"DB","BZH","BRITAIR","Brit Air","FRA"
"E9","CXS","CLIPPER CONNECTION","Boston-Maine Airways","USA"
"SN","BEL","BEE-LINE","Brussels Airlines","BEL"
"NT","IBB","BINTER","Binter Canarias","ESP"
"0B","JOR","BLUE TRANSPORT","Blue Air","ROU"
"KJ","LAJ","BEE MED","British Mediterranean Airways","GBR"
"XH","LBY","ALBAN-BELLE","Belle Air","ALB"
"PV","LTL","LITTORAL","Benin Littoral Airways","BEN"
"FB","LZB","FLYING BULGARIA","Bulgaria Air","BGR"
"8N","NKF","NORDFLIGHT","Barents AirLink","SWE"
"5C","ICL","CAL","CAL Cargo Air Lines","ISR"
"AW","SCH","","CHC Airways","NLD"
"L5","HKS","HELIBUS","CHC Helikopter Service","NOR"
"XG","CLI","CALIMA","Calima Aviacion","ESP"
"MO","CAV","CALM AIR","Calm Air","CAN"
"R9","CAM","AIR CAMAI","Camai Air","USA"
"UY","UYC","CAM-AIR","Cameroon Airlines","CMR"
"C6","CJA","CANJET","CanJet","CAN"
"CP","CDN","CANADIAN","Canadian Airlines","CAN"
"5T","MPE","EMPRESS","Canadian North","CAN"
"W2","CWA","CANADIAN WESTERN","Canadian Western Airlines","CAN"
"9K","KAP","CAIR","Cape Air","USA"
"PT","CCI","CAPPY","Capital Cargo International Airlines","USA"
"GG","GGC","LONG-HAUL","Cargo 360","USA"
"2G","CRG","WHITE PELICAN","Cargoitalia","ITA"
"W8","CJT","CARGOJET","Cargojet Airways","CAN"
"CV","CLX","CARGOLUX","Cargolux","LUX"
"XC","CLT","CARIBBEAN","Caribbean Air Transport","NLD"
"BW","BWA","CARIBBEAN AIRLINES","Caribbean Airlines","TTO"
"8B","GFI","CARIB STAR","Caribbean Star Airlines","ATG"
"V3","KRP","CARPATAIR","Carpatair","ROU"
"RV","CPN","CASPIAN","Caspian Airlines","IRN"
"CX","CPA","CATHAY","Cathay Pacific","HKG"
"KX","CAY","CAYMAN","Cayman Airways","CYM"
"5J","CEB","CEBU AIR","Cebu Pacific","PHL"
"7N","CNA","","Centavia","SRB"
"GC","CET","CENTRAFRICAIN","Centrafrican Airlines","CAF"
"CQ","CCG","Czech Connect","Central Connect Airlines","CZE"
"9M","GLR","GLACIER","Central Mountain Air","CAN"
"C0","CLW","CENTRALWINGS","Centralwings","POL"
"J7","CVC","AVIACENTRE","Centre-Avia","RUS"
"WE","CWC","CHALLENGE CARGO","Centurion Air Cargo","USA"
"CE","CLG","CHALLAIR","Chalair Aviation","FRA"
"OP","CHK","CHALKS","Chalk's Ocean Airways","USA"
"MG","CCP","CHAMPION AIR","Champion Air","USA"
"2Z","CGN","CHANGAN","Changan Airlines","CHN"
"S8","CSU","CHARI SERVICE","Chari Aviation Services","TCD"
"RP*","CHQ","CHAUTAUQUA","Chautauqua Airlines","USA"
"C8","WDY","WINDY CITY","Chicago Express","USA"
"CI","CAL","DYNASTY","China Airlines","TWN"
"CK","CKK","CARGO KING","China Cargo Airlines","CHN"
"MU","CES","CHINA EASTERN","China Eastern Airlines","CHN"
"G5","HXA","CHINA EXPRESS","China Express Airlines","CHN"
"CJ","CBF","CHINA NORTHERN","China Northern Airlines","CHN"
"WH","CNW","CHINA NORTHWEST","China Northwest Airlines","CHN"
"8Y","CYZ","CHINA POST","China Postal Airlines","CHN"
"CZ","CSN","CHINA SOUTHERN","China Southern Airlines","CHN"
"KN","CUA","LIANHANG","China United Airlines","CHN"
"XO","CXH","XINHUA","China Xinhua Airlines","CHN"
"3Q","CYH","YUNNAN","China Yunnan Airlines","CHN"
"X7","CHF","CHITA","Chitaavia","RUS"
"A2","CIU","CIELOS","Cielos Airlines","PER"
"QI","CIM","CIMBER","Cimber Air","DNK"
"C9","RUS","CIRRUS AIR","Cirrus Airlines","DEU"
"CF","SDR","SWEDESTAR","City Airline","SWE"
"G3","CIX","CONNEXION","City Connexion Airlines","BDI"
"WX","BCY","CITY-IRELAND","CityJet","IRL"
"CJ","CFE","FLYER","Cityflyer Express","GBR"
"ZM","CNB","CITYHUN","Cityline Hungary","HUN"
"CT","CAT","Mandarin","Civil Air Transport","TWN"
"6P","ISG","CLUBAIR","Club Air","ITA"
"BX","CST","COAST CENTER","Coast Air","NOR"
"DQ","CXT","U.S. Virgin Islands","Coastal Air","USA"
"9L","CJC","COLGAN","Colgan Air","USA"
"OH","COM","COMAIR","Comair","USA"
"C5","UCA","COMMUTAIR","CommutAir","USA"
"KR","CWK","CONTICOM","Comores Airlines","COM"
"I5","CMM","CAMALI","Compagnie Aerienne du Mali","MLI"
"5L","ASU","ASUR","Compania Boliviana de Transporte Aereo Privado Aerosur, S.A.","BOL"
"UV","HSE","HELISURESTE","Compania Helicopteros Del Sureste","ESP"
"GJ","MXC","MEXICARGO","Compania Mexicargo","MEX"
"CP","CPZ","Compass Rose","Compass Airlines","USA"
"DE","CFG","CONDOR","Condor Flugdienst","DEU"
"6A","CHP","AVIACSA","Consorcio Aviaxsa","MEX"
"C3","KIS","CONTACTAIR","Contactair","DEU"
"CO","COA","CONTINENTAL","Continental Airlines","USA"
"PC","PVV","CONTAIR","Continental Airways","RUS"
"CO","COA","JETLINK","Continental Express","USA"
"CS","CMI","AIR MIKE","Continental Micronesia","USA"
"V0","VCV","CONVIASA","Conviasa","VEN"
"CM","CMP","COPA","Copa Airlines","PAN"
"7H","CAI","CORENDON","Corendon Airlines","TUR"
"SS","CRL","CORSAIR","Corsairfly","FRA"
"XK","CCM","CORSICA","Corse-Mediterranee","FRA"
"F5","COZ","COSMIC AIR","Cosmic Air","NPL"
"7C","COY","COYNE AIR","Coyne Aviation","GBR"
"OU","CTN","CROATIA","Croatia Airlines","HRV"
"QE","ECC","Cigogne","Crossair Europe","CHE"
"J6","VCR","VOE CRUISER","Cruiser Linhas Aereas","BRA"
"CU","CUB","CUBANA","Cubana de AviaciÃ³n","CUB"
"CY","CYP","CYPRUS","Cyprus Airways","CYP"
"YK","KYV","Air Kibris","Cyprus Turkish Airlines","TUR"
"OK","CSA","CSA-LINES","Czech Airlines","CZE"
"V5","VPA","VIP TAXI","DanubeWings","SVK"
"WD","DSR","DAIRAIR","DAS Air Cargo","UGA"
"DX","DTR","DANISH","DAT Danish Air Transport","DNK"
"ES","DHX","DILMUN","DHL International","BHR"
"L3","JOS","","DHL de Guatemala","GTM"
"D3","DAO","DALO AIRLINES","Daallo Airlines","DJI"
"N2","DAG","DAGAL","Dagestan Airlines","RUS"
"H8","KHB","DALAVIA","Dalavia","RUS"
"R6","DNU","DANU","Danu Oro Transportas","LTU"
"0D","DWT","DARWIN","Darwin Airline","CHE"
"D5","DAU","DAUAIR","Dauair","DEU"
"JD","DER","DEER JET","Deer Jet","CHN"
"DL","DAL","DELTA","Delta Air Lines","USA"
"3D","DNM","DENIM","Denim Air","NLD"
"1I","AMB","CIVIL AIR AMBULANCE","Deutsche Rettungsflugwacht","DEU"
"D7","RDN","AERO DINAR","Dinar","ARG"
"AW","DIR","DIRGANTARA","Dirgantara Air Service","IDN"
"DH","DVA","DISCOVERY AIRWAYS","Discovery Airways","USA"
"D8","DJB","DJIBOUTI AIR","Djibouti Airlines","DJI"
"Z6","UDN","DNIEPRO","Dniproavia","UKR"
"DO","DOA","DOMINICANA","Dominicana de AviaciÃ³n","DOM"
"E3","DMO","DOMODEDOVO","Domodedovo Airlines","RUS"
"5D","UDC","DONBASS AERO","DonbassAero","UKR"
"KA","HDA","DRAGON","Dragonair","HKG"
"KB","DRK","ROYAL BHUTAN","Druk Air","BTN"
"2D","DBK","SEAGULL","Dubrovnik Air","HRV"
"DI","BAG","SPEEDWAY","dba","DEU"
"VE","EUJ","UNION JET","EUjet","IRL"
"BR","EVA","EVA","EVA Air","TWN"
"NZ","EAG","EAGLE","Eagle Airways","NZL"
"YR","EGJ","EAGLE JET","Eagle Jet Charter","USA"
"QU","UGX","CRANE","East African","UGA"
"S9","HSA","DUMA","East African Safari Air","KEN"
"3E","EMU","","East Asia Airlines","MAC"
"ZE","ESR","EASTAR","Eastar Jet","KOR"
"T3","EZE","EASTFLIGHT","Eastern Airways","GBR"
"QF","EAQ","EASTERN","Eastern Australia Airlines","AUS"
"DK","ELA","","Eastland Air","AUS"
"W9","SGR","STINGER","Eastwind Airlines","USA"
"WK","EDW","EDELWEISS","Edelweiss Air","CHE"
"MS","MSR","EGYPTAIR","Egyptair","EGY"
"LY","ELY","ELAL","El Al Israel Airlines","ISR"
"UZ","BRQ","BURAQAIR","El-Buraq Air Transport","LBY"
"EK","UAE","EMIRATES","Emirates Airline","ARE"
"EM","CFS","EMPIRE AIR","Empire Airlines","USA"
"UO","AUO","UNIFORM OSCAR","Empresa (Aero Uruguay), S.A.","URY"
"7L","CRN","AEROCARIBBEAN","Empresa Aerocaribbean","CUB"
"EU","EEA","ECUATORIANA","Empresa Ecuatoriana De Aviacion","ECU"
"KG","GTV","GAVIOTA","Empresa de Aviacion Aerogaviota","CUB"
"G8","ENK","ENKOR","Enkor","RUS"
"E0","ESS","NEW DAWN","Eos Airlines","USA"
"5E","EKA","EQUAFLIGHT","Equaflight Service","COG"
"YE","IRY","ERAM AIR","Eram Air","IRN"
"B8","ERT","ERITREAN","Eritrean Airlines","ERI"
"E7","ESF","","Estafeta Carga Aerea","MEX"
"OV","ELL","ESTONIAN","Estonian Air","EST"
"ET","ETH","ETHIOPIAN","Ethiopian Airlines","ETH"
"EY","ETD","ETIHAD","Etihad Airways","ARE"
"RZ","LRS","","Euro Exec Express","SWE"
"5B","EAK","EAKAZ","Euro-Asia Air","KAZ"
"MM","MMZ","EUROATLANTIC","EuroAtlantic Airways","PRT"
"UI","ECA","EUROCYPRIA","Eurocypria Airlines","CYP"
"GJ","EEZ","E-FLY","Eurofly","ITA"
"K2","ELO","EUROLOT","Eurolot","POL"
"3W","EMX","EUROMANX","Euromanx Airways","AUT"
"5O","FPO","FRENCH POST","Europe Airpost","FRA"
"EA","EAL","STAR WING","European Air Express","DEU"
"QY","BCS","EUROTRANS","European Air Transport","BEL"
"E7","EAF","EUROCHARTER","European Aviation Air Charter","GBR"
"EW","EWG","EUROWINGS","Eurowings","DEU"
"EZ","EIA","EVERGREEN","Evergreen International Airlines","USA"
"JN","XLA","EXPO","Excel Airways","GBR"
"MB","EXA","CANADIAN EXECAIRE","Execair Aviation","CAN"
"OW","EXK","EXECUTIVE EAGLE","Executive Airlines","USA"
"8D","EXV","EXPOAVIA","Expo Aviation","LKA"
"EO","LHN","LONGHORN","Express One International","USA"
"XE","BTA","JET LINK","ExpressJet","USA"
"U2","EZY","EASY","easyJet","GBR"
"IH","MZA","Irtysh","Falcon Aviation","SWE"
"EF","EFA","Far Eastern","Far Eastern Air Transport","TWN"
"F6","RCK","ROCKROSE","Faroejet","FRO"
"F3","FSW","FASO","Faso Airways","BFA"
"FX","FDX","FEDEX","Federal Express","USA"
"N8","HGK","SALAAMA","Fika Salaama Airlines","UGA"
"4S","FNC","FINALAIR CONGO","Finalair Congo","COG"
"FB","FBF","FINE AIR","Fine Airlines","USA"
"AY","FIN","FINNAIR","Finnair","FIN"
"FC","WBA","WESTBIRD","Finncomm Airlines","FIN"
"FY","FFM","FIREFLY","Firefly","MYS"
"7F","FAB","","First Air","CAN"
"F6","FCC","FIRST CAMBODIA","First Cambodia Airlines","KHM"
"DP","FCA","JETSET","First Choice Airways","GBR"
"8F","FFR","FISCHER","Fischer Air","CZE"
"FK","WAF","FLAMENCO","Flamenco Airways","USA"
"B5","FLT","FLIGHTLINE","Flightline","GBR"
"PA","FCL","FLORIDA COASTAL","Florida Coastal Airlines","USA"
"RF","FWL","FLO WEST","Florida West International Airways","USA"
"F2","FLM","FLY WORLD","Fly Air","TUR"
"SH","FLY","FLYBIRD","Fly Me Sweden","SWE"
"D7","XFA","FAX AIR","FlyAsianXpress","MYS"
"TE","LIL","LITHUANIA AIR","FlyLal","LTU"
"LF","NDC","NORDIC","FlyNordic","SWE"
"F7","BBO","BABOO","Flybaboo","CHE"
"BE","BEE","JERSEY","Flybe","GBR"
"B4","GSM","GLOBESPAN","Flyglobespan","GBR"
"2Q","ETS","EXTRANS","Flygtransporter I Nykoping","SWE"
"W3","FYH","FLY HIGH","Flyhy Cargo Airlines","THA"
"7Y","FCR","FLYING CARPET","Flying Carpet Company","LBN"
"VY","FOS","","Formosa Airlines","TWN"
"HK","FSC","FOUR STAR","Four Star Aviation","USA"
"XD ","FHY","FREE BIRD","Free Bird Airlines","TUR"
"SJ","FOM","FREE AIR","Freedom Air","NZL"
"F9","FFT","FRONTIER FLIGHT","Frontier Airlines","USA"
"2F","FTA","FRONTIER-AIR","Frontier Flying Service","USA"
"FH","FUA","FUTURA","Futura International Airways","ESP"
"GT","GBL","GEEBEE AIRWAYS","GB Airways","GBR"
"Z5","GMG","","GMG AIRLINES LTD","BGD"
"Z5","GMG","GEE-EM HELICOPTERS","GM Helicopters","LVA"
"7O","GAL","GALAXY","Galaxy Air","KGZ"
"GC","GNR","GAMBIA INTERNATIONAL","Gambia International Airlines","GMB"
"G7","GNF","Gandalf","Gandalf Airlines","ITA"
"GA","GIA","INDONESIA","Garuda Indonesia","IDN"
"4G","GZP","GAZPROMAVIA","Gazpromavia","RUS"
"GR","GCO","GEMINI","Gemini Air Cargo","USA"
"A9","TGZ","TAMAZI","Georgian Airways","GEO"
"QB","GFG","NATIONAL","Georgian National Airlines","GEO"
"ST","GMI","GERMANIA","Germania","DEU"
"4U","GWI","GERMAN WINGS","Germanwings","DEU"
"GP","GES","GESTAIR","Gestair","ESP"
"GH","GHA","GHANA","Ghana Airways","GHA"
"G0","GHB","GHANA AIRLINES","Ghana International Airlines","GHA"
"G8","GOW","GOAIR","Go Air","IND"
"G7","GJS","LINDBERGH","GoJet Airlines","USA"
"G3","GLO","GOL TRANSPORTE","Gol Transportes AÃ©reos","BRA"
"DC","GAO","GOLDEN","Golden Air","SWE"
"GS","GUN","HOOT","Grant Aviation","USA"
"ZK","GLA","LAKES AIR","Great Lakes Airlines","USA"
"IJ","GWL","GREAT WALL","Great Wall Airlines","CHN"
"G6","BSR","BISSAU AIRLINES","Guine Bissaur Airlines","GNB"
"J9","GIF","GUINEE AIRLINES","Guinee Airlines","GIN"
"G8","GUJ","GUJARATAIR","Gujarat Airways","IND"
"GF","GFA","GULF AIR","Gulf Air","OMN"
"GF","GBA","GULF BAHRAIN","Gulf Air Bahrain","BHR"
"3M","GFT","GULF FLIGHT","Gulfstream International Airlines","USA"
"H6","HAG","HAGELAND","Hageland Aviation Services","USA"
"HR","HHN","ROOSTER","Hahn Air","DEU"
"HU","CHH","HAINAN","Hainan Airlines","CHN"
"2T","HAM","","Haiti Ambassador Airlines","HTI"
"7Z","HCV","CREOLE","Halcyonair","CPV"
"4R","HHI","HAMBURG JET","Hamburg International","DEU"
"X3","HLX","YELLOW CAB","Hapag-Lloyd Express","DEU"
"HF","HLF","HAPAG LLOYD","Hapagfly","DEU"
"HB","HAR","HARBOR","Harbor Airlines","USA"
"HQ","HMY","HARMONY","Harmony Airways","CAN"
"HA","HAL","HAWAIIAN","Hawaiian Airlines","USA"
"HP","AWE","Cactus","Hawaiian Pacific Airlines","USA"
"BH","BHA","","Hawkair","CAN"
"ZL","HZL","HAZELTON","Hazelton Airlines","AUS"
"HN","HVY","HEAVY CARGO","Heavylift Cargo Airlines","AUS"
"8H","HFR","HELIFRANCE","Heli France","FRA"
"H4","HLI","HELI SAINT-TROPEZ","Heli Securite","FRA"
"YO","MCM","HELI AIR","Heli-Air-Monaco","MCO"
"JB","JBA","HELIJET","Helijet","CAN"
"ZU","HCY","HELIOS","Helios Airways","CYP"
"T4","HEJ","HELLAS JET","Hellas Jet","GRC"
"HW","FHE","FLYHELLO","Hello","CHE"
"2L","OAW","HELVETIC","Helvetic Airways","CHE"
"DU","HMS","HEMUS AIR","Hemus Air","BGR"
"EO","ALX","ALLCONGO","Hewa Bora Airways","COD"
"UD","HER","HEX AIRLINE","Hex'Air","FRA"
"5K","HFY","SKY FLYER","Hi Fly","PRT"
"8H","HWY","HIWAY","Highland Airways","GBR"
"HD","ADO","AIR DO","Hokkaido International Airlines","JPN"
"H5","HOA","HOLA","Hola Airlines","ESP"
"HX","HAS","HONDURAS AIR","Honduras Airlines","HND"
"N8","CRK","BAUHINIA","Hong Kong Airlines","HKG"
"UO","HKE","HONGKONG SHUTTLE","Hong Kong Express Airways","HKG"
"HH","AHO","HOPE AIR","Hope Air","CAN"
"QX","QXE","HORIZON AIR","Horizon Air","USA"
"BN","HZA","HORIZON","Horizon Airlines","AUS"
"H4","HLI","","HÃƒÂ©li SÃƒÂ©curitÃƒÂ© Helicopter Airlines","FRA"
"II","CSQ","CHASQUI","IBC Airways","USA"
"0C","IBL","CATOVAIR","IBL Aviation","MUS"
"C3","KIS","Lufthansa (DLH)","ICAR Airlines","UKR"
"IB","IBE","IBERIA","Iberia Airlines","ESP"
"TY","IWD","","Iberworld","ESP"
"FW","IBX","IBEX","Ibex Airlines","JPN"
"FI","ICE","ICEAIR","Icelandair","ISL"
"IK","ITX","IMPROTEX","Imair Airlines","AZE"
"DH","IDE","INDEPENDENCE AIR","Independence Air","USA"
"6E","IGO","IFLY","IndiGo Airlines","IND"
"IC","IAC","INDAIR","Indian Airlines","IND"
"I9","IBU","INDIGO BLUE","Indigo","USA"
"QZ","AWQ","WAGON AIR","Indonesia AirAsia","IDN"
"IO","IAA","INDO LINES","Indonesian Airlines","IDN"
"7I","INC","INSELAIR","Insel Air International","ANT"
"IJ","IJT","INTELIJET","InteliJet Airways","COL"
"H4","IIN","","Inter Islands Airlines","CPV"
"D6","ILN","INLINE","Interair South Africa","ZAF"
"ZA","SUW","ASTAIR","Interavia Airlines","RUS"
"RS","ICT","CONTAVIA","Intercontinental de AviaciÃ³n","COL"
"JY","IWY","ISLANDWAYS","Interisland Airways Limited","TCA"
"ID","ITK","INTERLINK","Interlink Airlines","ZAF"
"6I","IBZ","INTERBIZ","International Business Air","SWE"
"3L","ISK","INTERSKY","Intersky Luftfahrt","AUT"
"I4","FWA","FREEWAYAIR","Interstate Airline","NLD"
"IR","IRA","IRANAIR","Iran Air","IRN"
"EP","IRC","","Iran Aseman Airlines","IRN"
"B9","IRB","Iran Air","Iranair Tours","IRN"
"IA","IAW","IRAQI","Iraqi Airways","IRQ"
"IT","IRT","IRTYSH AIRLINES","Irtysh Airlines","UZB"
"IS","SWW","","Island Airlines","USA"
"Q2","DQA","CUTE","Island Aviation Services","MDV"
"2S","SDY","SANDY ISLE","Island Express","USA"
"8L","CGP","","Cargo Plus Aviation","ARE"
"CN","GDC","GRAND CHINA","Islands Nationair","PNG"
"IF","ISW","PINTADERA","Islas Airways","ESP"
"WC","ISV","","Islena De Inversiones","HND"
"5Y","IOS","SCILLONIA","Isles of Scilly Skybus","GBR"
"6H","ISR","ISRAIR","Israir","ISR"
"9X","ACL","ITALI","Itali Airlines","ITA"
"GI","IKA","ITEK-AIR","Itek Air","KGZ"
"H9","IZM","IZMIR","Izair","TUR"
"XM","JTE","J AIR","J-Air","JPN"
"JC","JEX","JANEX","JAL Express","JPN"
"JO","JAZ","JALWAYS","JALways","JPN"
"3X","JAC","COMMUTER","Japan Air Commuter","JPN"
"JL","JAL","JAPANAIR","Japan Airlines","JPN"
"JL","JAL","J-BIRD","Japan Airlines Domestic","JPN"
"EG","JAA","ASIA","Japan Asia Airways","JPN"
"NU","JTA","JAI OCEAN","Japan Transocean Air","JPN"
"JU","JAT","JAT","Jat Airways","SRB"
"VJ","JTY","JATAYU","Jatayu Airlines","IDN"
"J9","JZR","JAZEERA","Jazeera Airways","KWT"
"7C","JJA","JEJU AIR","Jeju Air","KOR"
"O2","JEA","JETA","Jet Air","POL"
"9W","JAI","JET AIRWAYS","Jet Airways","IND"
"3K","JSA","JETSTAR ASIA","Jetstar Asia Airways","SGP"
"LS","EXS","CHANNEX","Jet2.com","GBR"
"8J","JFU","ARGAN","Jet4You","MAR"
"B6","JBU","JETBLUE","JetBlue Airways","USA"
"JF","JAF","BEAUTY","Jetairfly","BEL"
"0J","JCS","JETCLUB","Jetclub","CHE"
"J0","JLX","KEN JET","Jetlink Express","KEN"
"WZ","MDJ","JETRAN AIR","Jetran Air","ROU"
"SG","JGO","JETSGO","JetsGo","CAN"
"JQ","JST","JETSTAR","Jetstar Airways","AUS"
"JX","JEC","","Jett8 Airlines Cargo","SGP"
"GX","JXX","JETBIRD","JetX Airlines","ISL"
"R5","JAV","JORDAN AVIATION","Jordan Aviation","JOR"
"HO","DKH","JUNEYAO AIRLINES","Juneyao Airlines","CHN"
"KD","KNI","KALININGRAD AIR","KD Avia","RUS"
"WA","KLC","CITY","KLM Cityhopper","NLD"
"KL","KLM","KLM","KLM","NLD"
"N2","QNK","KABO","Kabo Air","NGA"
"K4","CKS","CONNIE","Kalitta Air","USA"
"K9","KFS","KALITTA","Kalitta Charters","USA"
"RQ","KMF","KAMGAR","Kam Air","AFG"
"E2","KMP","KAMPUCHEA","Kampuchea Airlines","KHM"
"V2","AKT","AVIAKARAT","Karat","RUS"
"5R","KAJ","KARTHAGO","Karthago Airlines","TUN"
"3Y","KAE","KARTIKA","Kartika Airlines","IDN"
"6S","KAT","KATO-AIR","Kato Airline","NOR"
"KV","MVD","AIR MINVODY","Kavminvodyavia","RUS"
"M5","KEN","KENMORE","Kenmore Air","USA"
"KQ","KQA","KENYA","Kenya Airways","KEN"
"BZ","KEE","KEYSTONE","Keystone Air Services","CAN"
"KO","KHO","AIRCOMPANY KHORS","Khors Aircompany","UKR"
"IT","KFR","KINGFISHER","Kingfisher Airlines","IND"
"Y9","IRK","KISHAIR","Kish Air","IRN"
"KP","KIA","KIWI AIR","Kiwi International Air Lines","USA"
"KY","KNA","KNIGHTAIR","Knight Air","CAN"
"7K","KGL","KOGALYM","Kogalymavia Air Company","RUS"
"8J","KMV","KOMIINTER","Komiinteravia","RUS"
"KE","KAL","KOREANAIR","Korean Air","KOR"
"7B","KJC","KRASNOJARSKY AIR","Krasnojarsky Airlines","RUS"
"K9","KRI","Krylo","Krylo Airlines","RUS"
"GW","KIL","AIR KUBAN","Kuban Airlines","RUS"
"VD","KPA","KUNPENG","Kunpeng Airlines","CHN"
"KU","KAC","KUWAITI","Kuwait Airways","KWT"
"GO","KZU","KUZU CARGO","Kuzu Airlines Cargo","TUR"
"N5","KGZ","BERMET","Kyrgyz Airlines","KGZ"
"6K","KTC","DINARA","Kyrgyz Trans Avia","KGZ"
"QH","LYN","ALTYN AVIA","Kyrgyzstan","KGZ"
"R8","KGA","KYRGYZ","Kyrgyzstan Airlines","KGZ"
"KY","KYV","AIRKIBRIS","Kibris TÃ¼rk Hava","TUR"
"JF","LAB","LAB","L.A.B. Flying Service","USA"
"LR","LRC","LACSA","LACSA","CRI"
"5U","LDE","LADE","LADE - Lineas Aereas Del Estado","ARG"
"KG","BNX","AIR BARINAS","LAI - Linea Aerea IAACA","VEN"
"LA","LAN","LAN","LAN Airlines","CHL"
"4M","DSM","LAN AR","Aero 2000","ARG"
"LU","LXP","LANEX","LAN Express","CHL"
"LP","LPE","LANPERU","LAN Peru","PER"
"LO","LOT","POLLOT","LOT Polish Airlines","POL"
"XO","LTE","FUN JET","LTE International Airways","ESP"
"L3","LTO","BILLA TRANSPORT","LTU Austria","AUT"
"LT","LTU","LTU","LTU International","DEU"
"WJ","LAL","LAB AIR","Labrador Airways","CAN"
"N6","JEV","","Lagun Air","ESP"
"IK","LKN","Lankair","Lankair","LKA"
"QV","LAO","LAO","Lao Airlines","LAO"
"L7","LPN","LAOAG AIR","Laoag International Airlines","PHL"
"NG","LDA","LAUDA AIR","Lauda Air","AUT"
"LQ","LAQ","LAT","Lebanese Air Transport","LBN"
"LI","LIA","LIAT","Leeward Islands Air Transport","ATG"
"LN","LAA","LIBAIR","Libyan Arab Airlines","LBY"
"6V","LCG","CONGOLAISE","Lignes Aeriennes Congolaises","COD"
"L7","LNP","SAPSA","Linea Aerea SAPSA","CHL"
"QL","LER","LASER","Linea Aerea de Servicio Ejecutivo Regional","VEN"
"LD","TUY","AEREOTUY","Linea Turistica Aerotuy","VEN"
"ZE","LCD","LINEAS AZTECA","Lineas Aereas Azteca","MEX"
"TM","LAM","MOZAMBIQUE","Linhas AÃ©reas de MoÃ§ambique","MOZ"
"JT","LNI","LION INTER","Lion Mentari Airlines","IDN"
"LM","LVG","LIVINGSTON","Livingston","ITA"
"LB","LLB","LLOYDAEREO","Lloyd Aereo Boliviano","BOL"
"LC","LOG","LOGAN","Logan Air","GBR"
"T2","TAS","LOTUS FLOWER","Lotus Air","EGY"
"8L","LKE","LUCKY AIR","Lucky Air","CHN"
"HE","LGW","WALTER","Luftfahrtgesellschaft Walter","DEU"
"LH","DLH","LUFTHANSA","Lufthansa","DEU"
"LH","GEC","LUFTHANSA CARGO","Lufthansa Cargo","DEU"
"CL","CLH","HANSALINE","Lufthansa CityLine","DEU"
"DV","LTF","Garfield","Lufttaxi Fluggesellschaft","DEU"
"L5","LTR","LUFT TRANSPORT","Lufttransport","NOR"
"L7","LHS","ENTERPRISE LUHANSK","Luhansk","UKR"
"LG","LGL","LUXAIR","Luxair","LUX"
"5V","UKW","UKRAINE WEST","Lviv Airlines","UKR"
"L2","LYC","LYNDEN","Lynden Air Cargo","USA"
"MJ","LPR","LAPA","LÃ­neas AÃ©reas Privadas Argentinas","ARG"
"M7","MAA","MAS CARGA","MasAir","MEX"
"IN","MAK","MAKAVIO","MAT Macedonian Airlines","MKD"
"OM","MGL","MONGOL AIR","MIAT Mongolian Airlines","MNG"
"MB","MNB","BLACK SEA","MNG Airlines","TUR"
"CC","MCK","","Macair Airlines","AUS"
"W5","IRM","MAHAN AIR","Mahan Air","IRN"
"M2","MZS","MAHFOOZ","Mahfooz Aviation","GMB"
"MV","MAT","MAINE-AV","Maine Aviation","USA"
"MH","MAS","MALAYSIAN","Malaysia Airlines","MYS"
"TF","SCW","SCANWING","MalmÃ¶ Aviation","SWE"
"R5","MAC","MALTA CHARTER","Malta Air Charter","MLT"
"MA","MAH","MALEV","MalÃ©v Hungarian Airlines","HUN"
"RI","MDL","MANDALA","Mandala Airlines","IDN"
"AE","MDA","MANDARIN","Mandarin Airlines","TWN"
"JE","MNO","TULCA","Mango","ZAF"
"DP","MAN","MANNION","Mannion Air Charter","USA"
"6V","MRW","AVIAMARS","Mars RK","UKR"
"M7","MSL","MARSLANDAIR","Marsland Aviation","SDN"
"MP","MPH","MARTINAIR","Martinair","NLD"
"Q4","SWX","","Mastertop Linhas Aereas","BRA"
"H5","MVL","Mavial","Mavial Magadan Airlines","RUS"
"8M","MXL","MAXAIR","Maxair","SWE"
"MY","MXJ","MAX-JET","Maxjet Airways","USA"
"MW","MYD","MYLAND","Maya Island Air","BLZ"
"N5","MDM","MEDAVIA","Medavia Company","MLT"
"IM","MNJ","MENAJET","Menajet","LBN"
"IG","ISS","MERAIR","Meridiana","ITA"
"MZ","MNA","MERPATI","Merpati Nusantara Airlines","IDN"
"YV","ASH","AIR SHUTTLE","Mesa Airlines","USA"
"XJ","MES","MESABA","Mesaba Airlines","USA"
"MX","MXA","MEXICANA","Mexicana de AviaciÃ³n","MEX"
"GL","BSK","BISCAYNE","Miami Air International","USA"
"ME","MEA","CEDAR JET","Middle East Airlines","LBN"
"JI","MDW","MIDWAY","Midway Airlines","USA"
"YX","MEP","MIDEX","Midwest Airlines","USA"
"MY","MWA","","Midwest Airlines (Egypt)","EGY"
"IM","MIC","MINT AIRWAYS","Mint Airways","ESP"
"2M","MDV","MOLDAVIAN","Moldavian Airlines","MDA"
"ZB","MON","MONARCH","Monarch Airlines","GBR"
"8I","MYW","Franky","Myway Airlines","ITA"
"YM","MGX","MONTENEGRO","Montenegro Airlines","MNE"
"3R","GAI","GROMOV AIRLINE","Moskovia Airlines","RUS"
"M9","MSI","MOTOR SICH","Motor Sich","UKR"
"NM","NZM","MOUNTCOOK","Mount Cook Airlines","NZL"
"N4","MTC","MOUNTAIN LEONE","Mountain Air Company","SLE"
"N8","MUA","MURRAY AIR","Murray Air","USA"
"8I","MYW","FRANKY","My Way Airlines","ITA"
"VZ","MYT","KESTREL","MyTravel Airways","GBR"
"UB","UBA","UNIONAIR","Myanma Airways","MMR"
"8M","MMM","","Myanmar Airways International","MMR"
"DV","ACK","ACK AIR","Nantucket Airlines","USA"
"UE","NAS","NASAIRWAYS","Nasair","ERI"
"NC","GTY","","National Aviation Company","EGY"
"XM","JTE","JETEX","National Jet Express","AUS"
"NC","NJS","NATIONAL JET","National Jet Systems","AUS"
"CE","NTW","NATIONWIDE","Nationwide Airlines","ZAF"
"ON","RON","AIR NAURU","Nauru Air Corporation","NRU"
"ZN","NAY","NAYSA","Navegacion Servicios Aereos Canarios SA","ESP"
"M4","NZA","","Nayzak Air Transport","LBY"
"3Z","NEC","NECON AIR","Necon Air","NPL"
"RA","RNA","ROYAL NEPAL","Nepal Airlines","NPL"
"NO","NOS","MOONFLOWER","Neos","ITA"
"1I","EJA","EXECJET","NetJets","USA"
"EJ","NEA","NEW ENGLAND","New England Airlines","USA"
"2N","NTJ","NEXTJET","NextJet","SWE"
"HG","NLY","FLYNIKI","Niki","AUT"
"KZ","NCA","NIPPON CARGO","Nippon Cargo Airlines","JPN"
"DD","NOK","NOK AIR","Nok Air","THA"
"JH","NES","NORDESTE","Nordeste Linhas Aereas Regionais","BRA"
"6N","NRD","NORTH RIDER","Nordic Regional","SWE"
"N9","NVD","NORDVIND","Nordic Solutions","LTU"
"NY","FNA","NORLAND","Norlandair","ISL"
"N9","NVD","","North Coast Aviation","PNG"
"M3","NFA","NORTH FLYING","North Flying","DNK"
"HW","NWL","NORTHWRIGHT","North-Wright Airways","CAN"
"NC","NAC","YUKON","Northern Air Cargo","USA"
"U7","UGA","UGANDA","Northern Dene Airways","CAN"
"NW","NWA","NORTHWEST","Northwest Airlines","USA"
"FY","NWR","","Northwest Regional Airlines","AUS"
"J3","PLR","POLARIS","Northwestern Air","CAN"
"DY","NAX","NOR SHUTTLE","Norwegian Air Shuttle","NOR"
"BJ","LBT","NOUVELAIR","Nouvel Air Tunisie","TUN"
"M4","NOV","NOVANILE","Nova Airline","SDN"
"1I","NVR","NAVIGATOR","Novair","SWE"
"N6","ACQ","AERO CONTINENTE","Nuevo Continente","PER"
"UQ","OCM","OCONNOR","O'Connor Airlines","AUS"
"O8","OHK","OASIS","Oasis Hong Kong Airlines","HKG"
"VC","VCX","OCEANCARGO","Ocean Airlines","ITA"
"O6","ONE","OCEANAIR","Oceanair","BRA"
"O2","JEA","JETA","Oceanic Airlines","GIN"
"5K","ODS","ODESSA AIR","Odessa Airlines","UKR"
"BK","OKA","OKAYJET","Okay Airways","CHN"
"OA","NOA","OLYMPIC","Olympic Air","GRC"
"WY","OMA","OMAN AIR","Oman Air","OMN"
"OY","OAE","OMNI-EXPRESS","Omni Air International","USA"
"N3","OMS","OMSK","Omskavia Airline","RUS"
"OG","OTG","THAI EXPRESS","One Two Go Airlines","THA"
"8Q","OHY","ONUR AIR","Onur Air","TUR"
"R2","ORB","ORENBURG","Orenburg Airlines","RUS"
"OX","OEA","ORIENT THAI","Orient Thai Airlines","THA"
"QO","OGN","ORIGIN","Origin Pacific Airways","NZL"
"OL","OLT","OLTRA","Ostfriesische Lufttransport","DEU"
"ON","RON","OUR AIRLINE","Our Airline","NRU"
"OJ","OLA","OVERLAND","Overland Airways","NGA"
"OZ","OZR","OZARK","Ozark Air Lines","USA"
"O7","OZJ","AUSJET","Ozjet Airlines","AUS"
"OA","OAL","OLYMPIC","Olympic Airlines","GRC"
"PV","PNR","SKYJET","PAN Air","ESP"
"9Q","PBA","PEEBEE AIR","PB Air","THA"
"PU","PUA","PLUNA","PLUNA","URY"
"U4","PMT","MULTITRADE","PMTair","KHM"
"Y5","PCE","PACE","Pace Airlines","USA"
"BL","PIC","PACIFIC AIRLINES","Pacific Airlines","VNM"
"DJ","PBN","BLUEBIRD","Pacific Blue","NZL"
"8P","PCO","PASCO","Pacific Coastal Airline","CAN"
"Q8","PEC","PAC-EAST CARGO","Pacific East Asia Cargo Airlines","PHL"
"PS","PSX","SMILEY","Pacific Southwest Airlines","USA"
"LW","NMI","TSUNAMI","Pacific Wings","USA"
"GX","GXX","Primera","Pacificair","PHL"
"PK","PIA","PAKISTAN","Pakistan International Airlines","PAK"
"GP","PTP","TRANS PACIFIC","Palau Trans Pacific Airline","PLW"
"PF","PNW","PALESTINIAN","Palestinian Airlines","EGY"
"NR","PIR","PAMIR","Pamir Airways","AFG"
"PN","CHB","West China","Pan American Airways","USA"
"PA","PAA","CLIPPER","Pan American World Airways","USA"
"PQ","PNF","PANWAYS","Panafrican Airways","CIV"
"P8","PTN","PANTANAL","Pantanal Linhas AÃ©reas","BRA"
"I7","PMW","PARAWAY","Paramount Airways","IND"
"P6","PSC","PASCAN","Pascan Aviation","CAN"
"Y8","PTB","PASSAREDO","Passaredo Transportes Aereos","BRA"
"HP","HPA","PEARL AIRWAYS","Pearl Airways","HTI"
"H9","PGT","SUNTURK","Pegasus Airlines","TUR"
"7V","PDF","PELICAN AIRWAYS","Pelican Air Services","ZAF"
"6D","PAS","PELITA","Pelita Air Service","IDN"
"KS","PEN","PENINSULA","Peninsula Airways","USA"
"4B","PAG","PERIMETER","Perimeter Aviation","CAN"
"P9","PGP","PERM AIR","Perm Airlines","RUS"
"PR","PAL","PHILIPPINE","Philippine Airlines","PHL"
"PE","PHB","PHOEBUS","Phoebus Apollo Aviation","ZAF"
"HP","AWE","Cactus","Phoenix Airways","CHE"
"9R","VAP","PHUKET AIR","Phuket Air","THA"
"PI","PDT","PIEDMONT","Piedmont Airlines (1948-1989)","USA"
"9E","FLG","FLAGSHIP","Pinnacle Airlines","USA"
"PO","PAC","POLAR","Polar Air Cargo","USA"
"YQ","POT","POLET","Polet","RUS"
"PH","PAO","POLYNESIAN","Polynesian Airlines","WSM"
"DJ","PLB","POLYBLUE","Polynesian Blue","NZL"
"PD","POE","PORTER AIR","Porter Airlines","CAN"
"NI","PGA","PORTUGALIA","Portugalia","PRT"
"BK","PDC","DISTRICT","Potomac Air","USA"
"PW","PRF","PRECISION AIR","Precision Air","TZA"
"TO","PSD","","President Airlines","KHM"
"FE","WCP","WHITECAP","Primaris Airlines","USA"
"8W","PWF","PRIVATE WINGS","Private Wings Flugcharter","DEU"
"P0","PFZ","PROFLIGHT-ZAMBIA","Proflight Commuter Services","ZMB"
"P0","PFZ","PROFLIGHT-ZAMBIA","Propflight Air Services","ZMB"
"RL","AWD","","Providence Aviation Services","PAK"
"PB","SPR","SPEEDAIR","Provincial Airlines","CAN"
"P9","PLY","PUMA BRASIL","Puma Linhas Aereas","BRA"
"FV","PLK","PULKOVO","Pulkovo Aviation Enterprise","RUS"
"QF","QFA","QANTAS","Qantas","AUS"
"QR","QTR","QATARI","Qatar Airways","QAT"
"R6","DNU","DANU","RACSA","GTM"
"RT","RKM","RAKAIR","RAK Airways","ARE"
"1D","ITK","Interlink","Radixx Solutions International","USA"
"8L","RHC","REDAIR","Redhill Aviation","GBR"
"V4","REK","REEM AIR","Reem Air","KGZ"
"FN","RGL","MAROC REGIONAL","Regional Air Lines","MAR"
"ZL","RXA","REX","Regional Express","AUS"
"3C","CEA","CORP-X","RegionsAir","USA"
"QQ","ROA","RENO AIR","Reno Air","USA"
"RW","RPA","BRICKYARD","Republic Airlines","USA"
"RH","RPH","PUBLIC EXPRESS","Republic Express Airlines","IDN"
"C7","RLE","RICO","Rico Linhas AÃ©reas","BRA"
"E2","GRN","GRANDE","Rio Grande Air","USA"
"SL","RSL","RIO SUL","Rio Sul ServiÃ§os AÃ©reos Regionais","BRA"
"WQ","RMV","AEROMAVIA","Romavia","ROU"
"FV","SDM","RUSSIA","Rossiya","RUS"
"GZ","RAR","AIR RAROTONGA","Air Rarotonga","COK"
"6P","VOS","ROVOS","Rovos Air","ZAF"
"RR","RFR","RAFAIR","Royal Air Force","GBR"
"RS","MJN","MAJAN","Royal Air Force of Oman","OMN"
"AT","RAM","ROYALAIR MAROC","Royal Air Maroc","MAR"
"R0","RPK","ROYAL PAKISTAN","Royal Airlines","PAK"
"V5","RYL","ROYAL ARUBAN","Royal Aruban Airline","ABW"
"BI","RBA","BRUNEI","Royal Brunei Airlines","BRN"
"RJ","RJA","JORDANIAN","Royal Jordanian","JOR"
"RK","RKH","KHMER AIR","Royal Khmer Airlines","KHM"
"RA","RNA","ROYAL NEPAL","Royal Nepal Airlines","NPL"
"RL","PPW","PHNOM-PENH AIR","Royal Phnom Penh Airways","KHM"
"WR","HRH","TONGA ROYAL","Royal Tongan Airlines","TON"
"P7","ESL","RADUGA","Russian Sky Airlines","RUS"
"RM","RUC","RUTACA","Rutas Aereas","VEN"
"WB","RWD","RWANDAIR","Rwandair Express","RWA"
"7S","RYA","RYAN AIR","Ryan Air Services","USA"
"RD","RYN","RYAN INTERNATIONAL","Ryan International Airlines","USA"
"FR","RYR","RYANAIR","Ryanair","IRL"
"YS","RAE","REGIONAL EUROPE","RÃ©gional Compagnie AÃ©rienne EuropÃ©enne","FRA"
"S4","RZO","AIR AZORES","SATA International","PRT"
"SA","SAA","SPRINGBOK","South African Airways","ZAF"
"W7","SAH","SAYAKHAT","Sayakhat Airlines","KAZ"
"NL","SAI","SHAHEEN AIR","Shaheen Air International","PAK"
"MM","SAM","SAM","SAM Colombia","COL"
"SK","SAS","SCANDINAVIAN","Scandinavian Airlines System","SWE"
"6Q","SAW","SHAMWING","Sham Wing Airlines","SYR"
"CB","SAY","SUCKLING","ScotAirways","GBR"
"UG","SEN","S-BAR","SevenAir","USA"
"S7","SBI","SIBERIAN AIRLINES","S7 Airlines","RUS"
"BB","SBS","SEABORNE","Seaborne Airlines","USA"
"PV","SBU","BLACK FIN","St Barth Commuter","FRA"
"UL","ALK","SRILANKAN","SriLankan Airlines","LKA"
"SY","SCX","SUN COUNTRY","Sun Country Airlines","USA"
"SG","SEJ","SPICEJET","Spicejet","IND"
"I6","SEQ","SKY EYES","Sky Eyes","THA"
"EH","SET","SAETA","SAETA","ECU"
"7G","SFJ","STARFLYER","Star Flyer","JPN"
"FA","SFR","CARGO","Safair","ZAF"
"N5","SGY","SKAGWAY AIR","Skagway Air Service","USA"
"SL","SHR","SHOOTER","Shooter Air Courier","CAN"
"HZ","SHU","SATAIR","Sakhalinskie Aviatrassy","RUS"
"SP","SAT","SATA","SATA Air Acores","PRT"
"SQ","SIA","SINGAPORE","Singapore Airlines","SGP"
"5M","SIB","SIBAVIA","Sibaviatrans","RUS"
"SI","SIH","BLUEJET","Skynet Airlines","IRL"
"XS","SIT","","SITA","BEL"
"ZS","SMY","NAJIM","Sama Airlines","SAU"
"SQ","SQC","SINGCARGO","Singapore Airlines Cargo","SGP"
"FT","SRH","SIEMREAP AIR","Siem Reap Airways","KHM"
"SX","SRK","SKYFOX","Skyworks","CHE"
"SM","SRL","Starline","Swedline Express","SWE"
"DG","SRQ","SEAIR","South East Asian Airlines","PHL"
"2I","SRU","STAR-UP","Star Up","PER"
"D2","SSF","SEVERSTAL","Severstal","RUS"
"VD","BBB","BLACKBIRD","SwedJet Airways","SWE"
"QF","SSQ","SUNSTATE","Sunstate Airlines","AUS"
"5G","SSV","SKYTOUR","Skyservice Airlines","CAN"
"FS","STU","FUEGUINO","Servicios de Transportes AÃ©reos Fueguinos","ARG"
"SD","SUD","SUDANAIR","Sudan Airways","SDN"
"PI","SUF","SUNFLOWER","Sun Air (Fiji)","FJI"
"EZ","SUS","SUNSCAN","Sun Air of Scandinavia","DNK"
"SV","SVA","SAUDIA","Saudi Arabian Airlines","SAU"
"WN","SWA","SOUTHWEST","Southwest Airlines","USA"
"A4","SWD","SOUTHERN WINDS","Southern Winds Airlines","ARG"
"WG","SWG","SUNWING","Sunwing Airlines","CAN"
"LX","SWR","SWISS","Swiss International Air Lines","CHE"
"SR","SWR","Swissair","Swissair","CHE"
"WV","SWV","FLYING SWEDE","Swe Fly","SWE"
"S8","SWW","WAY AERO","Shovkoviy Shlyah","UKR"
"Q4","SWX","SWAZI EXPRESS","Swazi Express Airways","SWZ"
"XQ","SXS","SUNEXPRESS","SunExpress","TUR"
"RB","SYR","SYRIANAIR","Syrian Arab Airlines","SYR"
"AL","SYX","SKYWAY-EX","Skywalk Airlines","USA"
"ZP","AZQ","SILK LINE","Silk Way Airlines","AZE"
"E5","BRZ","BERYOZA","Samara Airlines","RUS"
"SC","CDG","SHANDONG","Shandong Airlines","CHN"
"SK","CNO","SCANOR","SAS Braathens","NOR"
"9S","CQH","AIR SPRING","Spring Airlines","CHN"
"3U","CSC","SI CHUAN","Sichuan Airlines","CHN"
"FM","CSH","SHANGHAI AIR","Shanghai Airlines","CHN"
"ZH","CSZ","SHENZHEN AIR","Shenzhen Airlines","CHN"
"8C","CXI","SHANXI","Shanxi Airlines","CHN"
"7L","ERO","ECHO ROMEO","Sun D'Or","ISR"
"NE","ESK","RELAX","SkyEurope","SVK"
"CQ","EXL","","Sunshine Express Airlines","AUS"
"XZ","EXY","EXPRESSWAYS","South African Express","ZAF"
"9E","GXL","STARDUST","Star XL German Airlines","DEU"
"SO","HKA","SPEND AIR","Superior Aviation","USA"
"HS","HSV","HIGHSWEDE","Svenska Direktflyg","SWE"
"JK","JKK","SPANAIR","Spanair","ESP"
"RZ","LRS","","Sansa","CRI"
"2G*","MRR","MARINER","San Juan Airlines","USA"
"1Z","APD","","Sabre Pacific","AUS"
"2C","","","SNCF","FRA"
"2S","","","Star Equatorial Airlines","GIN"
"NK","NKS","SPIRIT WINGS","Spirit Airlines","USA"
"9N","NSE","SATENA","SATENA","COL"
"S0","OKS","SLOK GAMBIA","Slok Air Gambia","GMB"
"SO","OSL","SOSOLISO","Sosoliso Airlines","NGA"
"YG","OTL","SOUTHLINE","South Airlines","UKR"
"OO","OZW","OZWEST","Skywest Airlines","AUS"
"1I","PZR","PHAZER","Sky Trek International Airlines","USA"
"SX","SKB","SKYBUS","Skybus Airlines","USA"
"RU","SKI","SKYKING","SkyKing Turks and Caicos Airways","TCA"
"S3","BBR","SANTA BARBARA","Santa Barbara Airlines","VEN"
"XT","SKT","SKY YOU","SkyStar Airways","THA"
"H2","SKU","AEROSKY","Sky Airline","CHL"
"JZ","SKX","SKY EXPRESS","Skyways Express","SWE"
"BC","SKY","SKYMARK","Skymark Airlines","JPN"
"LJ","SLA","SELAIR","Sierra National Airlines","SLE"
"MI","SLK","SILKAIR","SilkAir","SGP"
"6Q","SLL","SLOV LINE","Slovak Airlines","SVK"
"PY","SLM","SURINAM","Surinam Airways","SUR"
"8D","EXV","EXPOAVIA","Servant Air","USA"
"4J","SMR","SOMON AIR","Somon Air","TJK"
"NB","SNB","STERLING","Sterling Airlines","DNK"
"6J","SNJ","NEWSKY","Skynet Asia Airways","JPN"
"IE","SOL","SOLOMON","Solomon Airlines","SLB"
"6W","SOV","SARATOV AIR","Saratov Aviation Division","RUS"
"HZ","SOZ","SATCO","Sat Airlines","KAZ"
"S5","TCF","MERCURY","Shuttle America","USA"
"DV","VSV","VLASTA","Scat Air","KAZ"
"Q4","TLK","STARLINK","Starlink Aviation","CAN"
"EQ","TAE","TAME","TAME","ECU"
"JJ","TAM","TAM","TAM Brazilian Airlines","BRA"
"TP","TAP","AIR PORTUGAL","TAP Portugal","PRT"
"TU","TAR","TUNAIR","Tunisair","TUN"
"3V","TAY","QUALITY","TNT Airways","BEL"
"TR","TBA","TRANSBRASIL","Transbrasil","BRA"
"M7","TBG","","Tropical Airways","HTI"
"T2","TCG","THAI CARGO","Thai Air Cargo","THA"
"FQ","TCW","THOMAS COOK","Thomas Cook Airlines","BEL"
"TQ","TDM","TANDEM","Tandem Aero","MDA"
"L9","TLW","Teamline","Teamline Air","AUT"
"UE","TEP","TRANSEURLINE","Transeuropean Airlines","RUS"
"ZT","AWC","ZAP","Titan Airways","GBR"
"TR","TGW","GO CAT","Tiger Airways","SGP"
"TT","TGW","GO CAT","Tiger Airways Australia","AUS"
"TG","THA","THAI","Thai Airways International","THA"
"9D","THE","TOUMAI AIR","Toumai Air Tchad","TCD"
"FD","AIQ","THAI ASIA","Thai AirAsia","THA"
"TK","THY","TURKAIR","Turkish Airlines","TUR"
"TE","TIM","TEAM BRASIL","TEAM Transportes Aereos","BRA"
"T7","TJT","TWINJET","Twin Jet","FRA"
"9I","TKY","THAI SKY","Thai Sky Airlines","THA"
"TD","TLP","TULIPAIR","Tulip Air","NLD"
"TL","TMA","TANGO LIMA","Trans Mediterranean Airlines","LBN"
"GY","TMG","TRILINES","Tri-MG Intra Asia Airlines","IDN"
"3P","TNM","TIARA","Tiara Air","ABW"
"4E","TNR","TAN AIR","Tanana Air Services","USA"
"7T","TOB","TOBRUK AIR","Tobruk Air","LBY"
"TI","TOL","TOL AIR","Tol-Air Services","USA"
"BY","TOM","TOMSON","Thomsonfly","GBR"
"PM","TOS","TROPISER","Tropic Air","BLZ"
"QT","TPA","TAMPA","TAMPA","COL"
"T0","TPU","TRANS PERU","Trans American Airlines","PER"
"K3","TQN","TAQUAN","Taquan Air Services","USA"
"GE","TNA","TransAsia","TransAsia Airways","TWN"
"HV","TRA","TRANSAVIA","Transavia Holland","NLD"
"VR","TCV","CABOVERDE","TACV","PRT"
"T9","TRZ","TRANS-MERIDIAN","TransMeridian Airlines","USA"
"R9","TSD","TAFI","TAF-Linhas Aereas","BRA"
"TH","TSE","TRANSMILE","Transmile Air Services","MYS"
"S5","TSJ","TRAST AERO","Trast Aero","KGZ"
"9T","ABS","ATHABASKA","Transwest Air","CAN"
"UN","TSO","TRANSOVIET","Transaero Airlines","RUS"
"T9","TSX","THAI STAR","Thai Star Airlines","THA"
"T5","TUA","TURKMENISTAN","Turkmenhovayollary","TKM"
"UG","TUI","","Tuninter","TUN"
"T6","TVR","TAVREY","Tavrey Airlines","UKR"
"TW","TWA","TWA","Trans World Airlines","USA"
"AL","TXC","TRANSEXPORT","TransAVIAexport Airlines","BLR"
"7J","TZK","TAJIKSTAN","Tajikstan","TJK"
"6B","BLX","BLUESCAN","TUIfly Nordic","SWE"
"DT","DTA","DTA","TAAG Angola Airlines","AGO"
"SF","DTH","TASSILI AIR","Tassili Airlines","DZA"
"TJ","GPD","GOODSPEED","Tradewind Aviation","USA"
"PZ","LAP","PARAGUAYA","TAM Mercosur","PRY"
"AX","LOF","WATERSKI","Trans States Airlines","USA"
"2H","","","Thalys","BEL"
"1L","OSY","OPEN SKIES","Open Skies Consultative Commission","USA"
"RO","ROT","TAROM","Tarom","ROU"
"7T","RTM","AERO TRANSAM","Trans Am Compania","ECU"
"3T","URN","TURAN","Turan Air","AZE"
"8R","TIB","TRIP","TRIP Linhas AÃ©reas","BRA"
"L6","VNZ","TBILAVIA","Tbilaviamsheni","GEO"
"XN","XAR","TRAVEL EXPRESS","Travel Express Aviation Services","IDN"
"U5","GWY","GETAWAY","USA3000 Airlines","USA"
"UA","UAL","UNITED","United Airlines","USA"
"EU","UEA","UNITED EAGLE","United Eagle Airlines","CHN"
"U2","UFS","FEEDER EXPRESS","United Feeder Service","USA"
"U7","JUS","JET USA","USA Jet Airlines","USA"
"U6","SVR","SVERDLOVSK AIR","Ural Airlines","RUS"
"U7","UGA","UGANDA","Uganda Airlines","UGA"
"UF","UKM","UKRAINE MEDITERRANEE","UM Airlines","UKR"
"6Z","UKS","CARGOTRANS","Ukrainian Cargo Airways","UKR"
"5X","UPS","UPS","United Parcel Service","USA"
"US","AWE","CACTUS","US Airways","USA"
"UH","USH","US-HELI","US Helicopter","USA"
"UT","UTA","UTAIR","UTair Aviation","RUS"
"HY","UZB","UZBEK","Uzbekistan Airways","UZB"
"PS","AUI","UKRAINE INTERNATIONAL","Ukraine International Airlines","UKR"
"UH","USH","US Heli","US Helicopter Corporation","USA"
"US","USA","US Air","Unavia Suisse","CHE"
"US","USA","","USAir","USA"
"V9","HCW","STAR1","Star1 Airlines","LTU"
"VA","VAU","VEE-OZ","V Australia Airlines","AUS"
"VF","VLU","VALUAIR","Valuair","SGP"
"J7","VJA","CRITTER","ValuJet Airlines","USA"
"0V","VFC","VASCO AIR","Vasco Air","VNM"
"VC","VAL","VOYAGEUR","Voyageur Airways","CAN"
"VN","HVN","VIET NAM AIRLINES","Vietnam Airlines","VNM"
"NN","MOV","MOV AIR","VIM Airlines","RUS"
"2R","","","VIA Rail Canada","CAN"
"V2","RBY","RUBY","Vision Airlines","USA"
"VA","VAU","KANGA","Viasa","VEN"
"Y4","VOI","VOLARIS","Volaris","MEX"
"VI","VDA","VOLGA-DNEPR","Volga-Dnepr Airlines","RUS"
"VX","VRD","REDWOOD","Virgin America","USA"
"V4","VES","VIEQUES","Vieques Air Link","USA"
"TV","VEX","VIRGIN EXPRESS","Virgin Express","BEL"
"VK","VGN","VIRGIN NIGERIA","Virgin Nigeria Airways","NGA"
"4P","VIK","SWEDJET","Viking Airlines","SWE"
"VS","VIR","VIRGIN","Virgin Atlantic Airways","GBR"
"ZG","VVM","JACKPOT","Viva Macau","MAC"
"VE","VLE","VOLA","Volare Airlines","ITA"
"VY","VLG","VUELING","Vueling Airlines","ESP"
"XF","VLK","VLADAIR","Vladivostok Air","RUS"
"LC","VLO","VELOG","Varig LogÃ­stica","BRA"
"VM","VOA","VIAGGIO","Viaggio Air","BGR"
"DJ","VOZ","VIRGIN","Virgin Blue","AUS"
"RG","VRN","VARIG","VRG Linhas Aereas","BRA"
"VP","VSP","VASP","VASP","BRA"
"DH","VTK","VOSTOK","Vostok Airlines","RUS"
"V6","VUR","VIPEC","Vuelos Internos Privados VIP","ECU"
"VG","VLM","RUBENS","VLM Airlines","BEL"
"G6","WLG","GOUMRAK","Volga Aviaexpress","RUS"
"W1","WDL","WDL","WDL Aviation","DEU"
"43","GOT","GOTHIC","WaltAir","SWE"
"4W","WAV","WARBELOW","Warbelow's Air Ventures","USA"
"WT","WSG","WASAYA","Wasaya Airways","CAN"
"7W","WRC","WAYRAPERÃš","WayraperÃº","PER"
"WJ","WEB","WEB-BRASIL","WebJet Linhas AÃ©reas","BRA"
"2W","WLC","WELCOMEAIR","Welcome Air","AUT"
"WZ","WSF","","West African Airlines","BEN"
"PT","SWN","AIR SWEDEN","West Air Sweden","SWE"
"YH","WCW","WEST","West Caribbean Airways","COL"
"8O","YWZ","COAST AIR","West Coast Air","CAN"
"WS","WJA","WESTJET","WestJet","CAN"
"WA","WAL","WESTERN","Western Airlines","USA"
"RQ","KMR","KOMSTAR","Western Pacific Airlines","USA"
"CN","WWD","WESTWARD","Westward Airways","USA"
"W2","WEA","WHITE EAGLE","White Eagle Aviation","POL"
"WF","WIF","WIDEROE","WiderÃ¸e","NOR"
"IV","JET","GHIBLI","Wind Jet","ITA"
"WM","WIA","WINDWARD","Windward Islands Airways International","NLD"
"1W","WON","WINGS ABADI","Wings Air","IDN"
"K5","WAK","WINGS ALASKA","Wings of Alaska","USA"
"W6","WVL","WIZZBUL","Wizz Air","BGR"
"W6","WZZ","WIZZAIR","Wizz Air Hungary","HUN"
"WO","WOA","WORLD","World Airways","USA"
"8V","WRF","WRIGHT FLYER","Wright Air Service","USA"
"WU","CWU","WUHAN AIR","Wuhan Airlines","CHN"
"SE","SEU","STARWAY","XL Airways France","FRA"
"MF","CXA","XIAMEN AIR","Xiamen Airlines","CHN"
"XP","CXP","CASINO EXPRESS","Xtra Airways","USA"
"YL","LLM","YAMAL","Yamal Airlines","RUS"
"Y8","YZR","YANGTZE RIVER","Yangtze River Express","CHN"
"IY","IYE","YEMENI","Yemenia","YEM"
"2N","UMK","YUZMASH","Yuzhmashavia","UKR"
"Q3","MBN","ZAMBIANA","Zambian Airways","ZMB"
"ZJ","ZMA","ZAMBEZI WINGS","Zambezi Airlines","ZMB"
"B4","TAN","ZANAIR","Zanair","TZA"
"3J","WZP","ZIPPER","Zip","CAN"
"C4","IMX","ZIMEX","Zimex Aviation","CHE"
"Z4","OOM","ZOOM","Zoom Airlines","CAN"