"Name","Code2","Code3"
"Afghanistan","AF","AFG"
"Albania","AL","ALB"
"Algeria","DZ","DZA"
"Andorra","AD","AND"
"Angola","AO","AGO"
"Antigua and Barbuda","AG","ATG"
"Argentina","AR","ARG"
"Armenia","AM","ARM"
"Australia","AU","AUS"
"Austria","AT","AUT"
"Azerbaijan","AZ","AZE"
"Bahamas, The","BS","BHS"
"Bahrain","BH","BHR"
"Bangladesh","BD","BGD"
"Barbados","BB","BRB"
"Belarus","BY","BLR"
"Belgium","BE","BEL"
"Belize","BZ","BLZ"
"Benin","BJ","BEN"
"Bhutan","BT","BTN"
"Bolivia","BO","BOL"
"Bosnia and Herzegovina","BA","BIH"
"Botswana","BW","BWA"
"Brazil","BR","BRA"
"Brunei","BN","BRN"
"Bulgaria","BG","BGR"
"Burkina Faso","BF","BFA"
"Burundi","BI","BDI"
"Cambodia","KH","KHM"
"Cameroon","CM","CMR"
"Canada","CA","CAN"
"Cape Verde","CV","CPV"
"Central African Republic","CF","CAF"
"Chad","TD","TCD"
"Chile","CL","CHL"
"China","CN","CHN"
"Colombia","CO","COL"
"Comoros","KM","COM"
"Democratic Republic of the Congo","CD","COD"
"Republic of the Congo","CG","COG"
"Costa Rica","CR","CRI"
"Cote d'Ivoire (Ivory Coast)","CI","CIV"
"Croatia","HR","HRV"
"Cuba","CU","CUB"
"Cyprus","CY","CYP"
"Czech Republic","CZ","CZE"
"Denmark","DK","DNK"
"Djibouti","DJ","DJI"
"Dominica","DM","DMA"
"Dominican Republic","DO","DOM"
"Ecuador","EC","ECU"
"Egypt","EG","EGY"
"El Salvador","SV","SLV"
"Equatorial Guinea","GQ","GNQ"
"Eritrea","ER","ERI"
"Estonia","EE","EST"
"Ethiopia","ET","ETH"
"Fiji","FJ","FJI"
"Finland","FI","FIN"
"France","FR","FRA"
"Gabon","GA","GAB"
"Gambia, The","GM","GMB"
"Georgia","GE","GEO"
"Germany","DE","DEU"
"Ghana","GH","GHA"
"Greece","GR","GRC"
"Grenada","GD","GRD"
"Guatemala","GT","GTM"
"Guinea","GN","GIN"
"Guinea-Bissau","GW","GNB"
"Guyana","GY","GUY"
"Haiti","HT","HTI"
"Honduras","HN","HND"
"Hungary","HU","HUN"
"Iceland","IS","ISL"
"India","IN","IND"
"Indonesia","ID","IDN"
"Iran","IR","IRN"
"Iraq","IQ","IRQ"
"Ireland","IE","IRL"
"Israel","IL","ISR"
"Italy","IT","ITA"
"Jamaica","JM","JAM"
"Japan","JP","JPN"
"Jordan","JO","JOR"
"Kazakhstan","KZ","KAZ"
"Kenya","KE","KEN"
"Kiribati","KI","KIR"
"North Korea","KP","PRK"
"South Korea","KR","KOR"
"Kuwait","KW","KWT"
"Kyrgyzstan","KG","KGZ"
"Laos","LA","LAO"
"Latvia","LV","LVA"
"Lebanon","LB","LBN"
"Lesotho","LS","LSO"
"Liberia","LR","LBR"
"Libya","LY","LBY"
"Liechtenstein","LI","LIE"
"Lithuania","LT","LTU"
"Luxembourg","LU","LUX"
"Macedonia","MK","MKD"
"Madagascar","MG","MDG"
"Malawi","MW","MWI"
"Malaysia","MY","MYS"
"Maldives","MV","MDV"
"Mali","ML","MLI"
"Malta","MT","MLT"
"Marshall Islands","MH","MHL"
"Mauritania","MR","MRT"
"Mauritius","MU","MUS"
"Mexico","MX","MEX"
"Micronesia","FM","FSM"
"Moldova","MD","MDA"
"Monaco","MC","MCO"
"Mongolia","MN","MNG"
"Montenegro","ME","MNE"
"Morocco","MA","MAR"
"Mozambique","MZ","MOZ"
"Myanmar (Burma)","MM","MMR"
"Namibia","NA","NAM"
"Nauru","NR","NRU"
"Nepal","NP","NPL"
"Netherlands","NL","NLD"
"New Zealand","NZ","NZL"
"Nicaragua","NI","NIC"
"Niger","NE","NER"
"Nigeria","NG","NGA"
"Norway","NO","NOR"
"Oman","OM","OMN"
"Pakistan","PK","PAK"
"Palau","PW","PLW"
"Panama","PA","PAN"
"Papua New Guinea","PG","PNG"
"Paraguay","PY","PRY"
"Peru","PE","PER"
"Philippines","PH","PHL"
"Poland","PL","POL"
"Portugal","PT","PRT"
"Qatar","QA","QAT"
"Romania","RO","ROU"
"Russia","RU","RUS"
"Rwanda","RW","RWA"
"Saint Kitts and Nevis","KN","KNA"
"Saint Lucia","LC","LCA"
"Saint Vincent and the Grenadines","VC","VCT"
"Samoa","WS","WSM"
"San Marino","SM","SMR"
"Sao Tome and Principe","ST","STP"
"Saudi Arabia","SA","SAU"
"Senegal","SN","SEN"
"Serbia","RS","SRB"
"Seychelles","SC","SYC"
"Sierra Leone","SL","SLE"
"Singapore","SG","SGP"
"Slovakia","SK","SVK"
"Slovenia","SI","SVN"
"Solomon Islands","SB","SLB"
"Somalia","SO","SOM"
"South Africa","ZA","ZAF"
"Spain","ES","ESP"
"Sri Lanka","LK","LKA"
"Sudan","SD","SDN"
"Suriname","SR","SUR"
"Swaziland","SZ","SWZ"
"Sweden","SE","SWE"
"Switzerland","CH","CHE"
"Syria","SY","SYR"
"Tajikistan","TJ","TJK"
"Tanzania","TZ","TZA"
"Thailand","TH","THA"
"Timor-Leste (East Timor)","TL","TLS"
"Togo","TG","TGO"
"Tonga","TO","TON"
"Trinidad and Tobago","TT","TTO"
"Tunisia","TN","TUN"
"Turkey","TR","TUR"
"Turkmenistan","TM","TKM"
"Tuvalu","TV","TUV"
"Uganda","UG","UGA"
"Ukraine","UA","UKR"
"United Arab Emirates","AE","ARE"
"United Kingdom","GB","GBR"
"United States","US","USA"
"Uruguay","UY","URY"
"Uzbekistan","UZ","UZB"
"Vanuatu","VU","VUT"
"Vatican City","VA","VAT"
"Venezuela","VE","VEN"
"Vietnam","VN","VNM"
"Yemen","YE","YEM"
"Zambia","ZM","ZMB"
"Zimbabwe","ZW","ZWE"
"Taiwan","TW","TWN"
"Christmas Island","CX","CXR"
"Cocos (Keeling) Islands","CC","CCK"
"Heard Island and McDonald Islands","HM","HMD"
"Norfolk Island","NF","NFK"
"New Caledonia","NC","NCL"
"French Polynesia","PF","PYF"
"Mayotte","YT","MYT"
"Saint Barthelemy","GP","GLP"
"Saint Pierre and Miquelon","PM","SPM"
"Wallis and Futuna","WF","WLF"
"French Southern and Antarctic Lands","TF","ATF"
"Bouvet Island","BV","BVT"
"Cook Islands","CK","COK"
"Niue","NU","NIU"
"Tokelau","TK","TKL"
"Guernsey","GG","GGY"
"Isle of Man","IM","IMN"
"Anguilla","AI","AIA"
"Bermuda","BM","BMU"
"British Indian Ocean Territory","IO","IOT"
"British Virgin Islands","VG","VGB"
"Cayman Islands","KY","CYM"
"Falkland Islands (Islas Malvinas)","FK","FLK"
"Gibraltar","GI","GIB"
"Montserrat","MS","MSR"
"Pitcairn Islands","PN","PCN"
"Saint Helena","SH","SHN"
"South Georgia & South Sandwich Islands","GS","SGS"
"Turks and Caicos Islands","TC","TCA"
"Northern Mariana Islands","MP","MNP"
"Puerto Rico","PR","PRI"
"American Samoa","AS","ASM"
"Baker Island","UM","UMI"
"Guam","GU","GUM"
"U.S. Virgin Islands","VI","VIR"
"Hong Kong","HK","HKG"
"Macau","MO","MAC"
"Faroe Islands","FO","FRO"
"Greenland","GL","GRL"
"French Guiana","GF","GUF"
"Martinique","MQ","MTQ"
"Reunion","RE","REU"
"Aland","AX","ALA"
"Aruba","AW","ABW"
"Netherlands Antilles","AN","ANT"
"Svalbard","SJ","SJM"
"Ascension","AC","ASC"
"Tristan da Cunha","TA","TAA"
"Australian Antarctic Territory","AQ","ATA"
"Zaire","ZR","ZRE"
"East Timor-Indonesia","TP","TMP"
"Palestinian Territory","PS","PSE"
"Serbia and Montenegro","CS","SCG"
"Western Sahara","EH","ESH"
